SYMBOL,SERIES,SECURITY,HIGH/LOW,INDEX FLAG
21STCENMGM,EQ,21ST CENTURY MGMT SERVICE,H
396GS2022,GS,GOI LOAN  3.96% 2022,H
522GS2025,GS,GOI LOAN 5.22% 2025,H
AAATECH,SM,AAA TECHNOLOGIES LIMITED,H
ABSLRIF6RD,MF,BIRLASLAMC - ABSLRIF6RD,H
ADROITINFO,EQ,ADROIT INFOTECH LIMITED,H
ADSL,EQ,ALLIED DIGITAL SERV. LTD,H
AFFLE,BE,AFFLE (INDIA) LIMITED,H
AGCNET,BE,AGC NETWORKS LIMITED,H
AHLADA,EQ,AHLADA ENGINEERS LIMITED,H
AKSHOPTFBR,BE,AKSH OPTIFIBRE  LTD,H
ALMONDZ,EQ,ALMONDZ GLOBAL SEC LTD,H
ANIKINDS,EQ,ANIK INDUSTRIES LTD,H
ANKITMETAL,BE,ANKIT MET & POW LTD,H
ANSALHSG,EQ,ANSAL HOUSING LIMITED,H
APEX,EQ,APEX FROZEN FOODS LIMITED,H
ARCHIDPLY,BE,ARCHIDPLY IND. LTD,H
ARENTERP,EQ,RAJDARSHAN INDUSTRIES LTD,H
ASLIND,SM,ASL INDUSTRIES LIMITED,H
ATLANTA,BE,ATLANTA LIMITED,H
AVG,SM,AVG LOGISTICS LIMITED,H
BAJAJHIND,EQ,BAJAJ HINDUSTHAN SUGAR LT,H
BANG,EQ,BANG OVERSEAS LTD.,H
BCG,EQ,BRIGHTCOM GROUP LIMITED,H
BESTAGRO,EQ,BEST AGROLIFE LIMITED,H
BETA,SM,BETA DRUGS LIMITED,H
BHANDARI,EQ,BHANDARI HOSIERY EXP LTD,H
BHARATWIRE,EQ,BHARAT WIRE ROPES LTD.,H
BRFL,BE,BOMBAY RAYON FASHIONS LTD,H
BYKE,BE,THE BYKE HOSPITALITY LTD,H
CCCL,BE,CONS. CONST. CONSORT LTD,H
CEBBCO,EQ,COMMERCIAL ENG & CO. LTD,H
CELEBRITY,EQ,CELEBRITY FASHIONS LTD,H
CINEVISTA,BE,CINEVISTA LIMITED,H
CONSOFINVT,EQ,CONSO. FIN. & HOLD. LTD.,H
COUNCODOS,BE,COUNTRY CONDO'S LIMITED,H
CREATIVE,EQ,CREATIVE PERI & DIST LTD.,H
CROWN,SM,CROWN LIFTERS LTD.,H
CTE,EQ,CAMBRIDGE TECH ENTER LTD,H
CUBEXTUB,BE,CUBEXTUBINGS-ROLLSETT,H
DALALSTCOM,BE,DSJ COMMUNICATIONS LTD.,H
DAMODARIND,EQ,DAMODAR INDUSTRIES LTD,H
DCMFINSERV,EQ,DCM FINANCIAL SERVICES LT,H
DGCONTENT,BE,DIGICONTENT LIMITED,H
DHARSUGAR,EQ,DHARANI SUGARS & CHEMICAL,H
DRCSYSTEMS,BE,DRC SYSTEMS INDIA LIMITED,H
DSML,SM,DEBOCK SALE MARKETING LTD,H
EASUNREYRL,BZ,EASUN REYROLLE LTD,H
EBANK,EQ,EDELWEISS ETF-NIFTY BANK,H
ECLERX,BE,ECLERX SERVICES LTD,H
EMKAYTOOLS,SM,EMKAY TAP & CUT. TOOL LTD,H
FILDF2GP,MF,FRANTEMAMC - FILDF2GP,H
FLEXITUFF,BE,FLEXITUFF VENTURES INT L,H
GAYAHWS,BE,GAYATRI HIGHWAYS LIMITED,H
GLOBE,BE,GLOBE TEXTILES (I) LTD.,H
GLOBUSSPR,BE,GLOBUS SPIRITS LTD,H
GOENKA,BZ,GOENKA DIAMOND&JEWELS LTD,H
GOLDTECH,EQ,GOLDSTONE TECHNOLOGIES LT,H
GTL,EQ,GTL LTD,H
GTLINFRA,EQ,GTL INFRA.LTD,H
GUJRAFFIA,BE,GUJARAT RAFFIA INDUST LTD,H
HAVISHA,BE,SRI HAVISHA HOSP & INFR L,H
HCC,EQ,HINDUSTAN CONSTRUCTION CO,H
HEXATRADEX,EQ,HEXA TRADEX LIMITED,H
HMT,BZ,HMT LTD -,H
HOVS,EQ,HOV SERVICES LTD,H
IIFL,BE,IIFL FINANCE LIMITED,H
IL&FSENGG,BZ,IL&FS ENG AND CONS CO LTD,H
IL&FSTRANS,BZ,IL&FS TRANS NET LTD,H
INDOSOLAR,BZ,INDOSOLAR LIMITED,H
INDOTECH,EQ,INDO TECH TRANSFORM LTD.,H
INDOWIND,EQ,INDOWIND ENERGY LTD,H
INFOMEDIA,BE,INFOMEDIA PRESS LIMITED,H
INNOVATIVE,SM,INNOVATIVE TYRES & TUBES,H
ISFT,EQ,INTRASOFT TECH. LTD,H
ISMTLTD,BE,ISMT LIMITED,H
IWEL,BE,INOX WIND ENERGY LIMITED,H
JAYNECOIND,BE,JAYASWAL NECO INDUSTR LTD,H
JBFIND,BE,JBF INDUS LTD -DEP-LS ML,H
JISLDVREQS,BE,JAIN DVR EQUITY SHARES,H
JISLJALEQS,EQ,JAIN IRRIGATION SYSTEMS,H
JITFINFRA,BE,JITF INFRALOGISTICS LTD,H
JSWISPL,BE,JSW ISPAT SPE PRO LTD,H
JUMPNET,EQ,JUMP NETWORKS LIMITED,H
JYOTISTRUC,BZ,JYOTI STRUCTURES LTD,H
KANANIIND,BE,KANANI INDUSTRIES LTD,H
KCPSUGIND,EQ,KCP SUGAR IND CORP LTD.,H
KERNEX,BE,KERNEX MICROSYS(I) LTD,H
KEYFINSERV,EQ,KEYNOTE FIN SERV LTD.,H
KMSUGAR,EQ,K M SUGAR MILLS LTD,H
KOPRAN,EQ,KOPRAN LTD,H
KSOLVES,SM,KSOLVES INDIA LIMITED,H
LCCINFOTEC,BE,LCC INFOTECH LTD,H
LICNETFN50,EQ,LICNAMC - LICNFENGP,H
LPDC,BE,LANDMARK PR.DEV.CO.LTD,H
MADHUCON,EQ,MADHUCON PROJECTS LTD.,H
MAGADSUGAR,EQ,MAGADH SUGAR & ENERGY LTD,H
MAGNUM,BE,MAGNUM VENTURES LTD.,H
MAHAPEXLTD,BE,MAHA RASHTRA APEX COPR. L,H
MANAKALUCO,BE,MANAK ALUMINIUM CO. LTD.,H
MANGTIMBER,BE,MANGALAM TIMBER PRODUCTS,H
MARSHALL,SM,MARSHALL MACHINES LTD,H
MASKINVEST,BE,MASK INVESTMENTS LIMITED,H
MAWANASUG,BE,MAWANA SUGARS LIMITED,H
MBECL,BE,MCNALLY BH. ENG. CO.LTD,H
MELSTAR,BZ,MELSTAR INFORMATION TECH,H
MIRCELECTR,EQ,MIRC ELECTRONICS LTD,H
MOHITIND,BE,MOHIT INDUSTRIES LTD,H
MOHOTAIND,EQ,MOHOTA INDUSTRIES LIMITED,H
MUKANDLTD,BE,MUKAND LTD.,H
NAGAFERT,EQ,NAGARJUN FERT AND CHE LTD,H
NDL,BE,NANDAN DENIM LIMITED,H
NDRAUTO,EQ,NDR AUTO COMPONENTS LTD,H
NETF,EQ,TATAAML - NETF,H
NEXTMEDIA,EQ,NEXT MEDIAWORKS LIMITED,H
NITINFIRE,BZ,NITIN FIRE PROT IND. LTD.,H
NOIDATOLL,EQ,NOIDA TOLL BRIDGE CO LTD,H
OILCOUNTUB,BE,OIL COUNTRY TUBULAR LTD.,H
OMKARCHEM,BE,OMKAR SPL CHEM LTD,H
ONEPOINT,BE,ONE POINT ONE SOL LTD,H
OSWALSEEDS,SM,SHREEOSWAL S AND CHE LTD,H
PAEL,BZ,PAE LIMITED,H
PATSPINLTD,BE,PATSPIN INDIALTD.,H
PENIND,EQ,PENNAR INDUSTRIES LTD,H
PNC,BE,PRITISH NANDY COMMUNICATI,H
POWERMECH,EQ,POWER MECH PROJECTS LTD.,H
PRAKASHSTL,BE,PRAKASH STEELAGE LTD,H
PRAXIS,EQ,PRAXIS HOME RETAIL LTD,H
PRECOT,EQ,PRECOT LIMITED,H
PREMIER,BE,PREMIER LIMITED,H
PRIMESECU,EQ,PRIME SECURITIES LIMITED,H
PROINDIA,EQ,PROSEED INDIA LTD,H
PROLIFE,SM,PROLIFE INDUSTRIES LTD,H
PROZONINTU,BE,PROZONE INTU PROPRTIS LTD,H
PUNJLLOYD,BZ,PUNJ LLOYD LIMITED,H
RAJRAYON,BZ,RAJ RAYON INDUSTRIES LTD,H
RAJSREESUG,BE,RAJSHREESUGARS LTD,H
RAMASTEEL,EQ,RAMA STEEL TUBES LIMITED,H
RAMKY,BE,RAMKY INFRA LTD,H
RANASUG,EQ,RANA SUGARS LTD.,H
RENUKA,EQ,SHREE RENUKA SUGARS LTD,H
ROLTA,EQ,ROLTA INDIA LTD,H
RPPL,SM,RAJSHREE POLYPACK LTD,H
RTNINDIA,BE,RATTANINDIA ENT LIMITED,H
RTNPOWER,EQ,RATTANINDIA POWER LIMITED,H
RUSHIL,BE,RUSHIL DECOR LIMITED,H
SABEVENTS,BE,SAB EVENTS & GOVERNANCE,H
SAKAR,EQ,SAKAR HEALTHCARE LIMITED,H
SAKHTISUG,BE,SAKHTISUG SUGARS LTD,H
SALSTEEL,BE,S.A.L. STEEL LTD.,H
SAMBHAAV,BE,SAMBHAAV MEDIA LTD,H
SCAPDVR,EQ,STAMPEDE CAPITAL LIMITED,H
SETUINFRA,BE,SETUBANDHAN INFRA LTD,H
SGL,EQ,STL GLOBAL LIMITED,H
SHARDAMOTR,EQ,SHARDA MOTOR INDS LTD,H
SHREYAS,EQ,SHREYAS SHIPPING & LOGIST,H
SHYAMTEL,EQ,SHYAM TELECOM LIMITED,H
SICAGEN,BE,SICAGEN INDIA LIMITED,H
SIMBHALS,BE,SIMBHAOLI SUGARS LTD.,H
SKIL,BE,SKIL INFRASTRUCTURE LTD.,H
SOMATEX,BE,SOMA TEXTILEI NDUSTRIES L,H
SREIBNPNCD,NN,SRNCD SR VII B,H
SREIBNPNCD,NT,UNS RED NCD SR. VI,H
SREIBNPNCD,Y9,SEC RED NCD ZC SR. VIII,H
SRPL,BE,SHREE RAM PROTEINS LTD.,H
SSINFRA,SM,S S INFRA DEVP CONSL LTD,H
SUMEETINDS,BE,SUMEET IND LIMITED,H
SURANAT&P,EQ,SURANA TELECOM AND POW LT,H
SURYALAXMI,BE,SURYALAKSHMI COT MIL LTD,H
SUULD,EQ,SUUMAYA INDUSTRIES LTD,H
SUZLON,EQ,SUZLON ENERGY LIMITED,H
TANTIACONS,BZ,TANTIA CONST LTD,H
TARAPUR,BE,TARAPUR TRANSFORMERS LTD,H
TECHIN,BE,TECHINDIA NIRMAN LIMITED,H
TEXMOPIPES,EQ,TEXMO PIPE & PRODUCTS LTD,H
THOMASCOTT,BE,THOMAS SCOTT (INDIA) LTD,H
TIJARIA,EQ,TIJARIA POLYPIPES LTD,H
TIRUPATIFL,BE,TIRUPATI FORGE LIMITED,H
TNTELE,BE,TAMILNADU TELECOMMUNICATI,H
TRANSWIND,SM,TRANSWIND INFRA LIMITED,H
TREEHOUSE,BE,TREE HOUSE EDU LTD,H
TTML,BE,TATA TELESERV(MAHARASTRA),H
UNIVASTU,EQ,UNIVASTU INDIA LIMITED,H
URJAPP,X1,URJA RS.0.25 PPD UP,H
VARDMNPOLY,EQ,VARDHMAN POLYTEX LTD.,H
VICEROY,BZ,VICEROY HOTELS LIMITED,H
VISHNU,EQ,VISHNU CHEMICALS LIMITED,H
WEBELSOLAR,EQ,WEBSOL ENERGY SYSTEM LTD,H
WFL,SM,WONDER FIBROMATS LIMITED,H
WINDMACHIN,EQ,WINDSOR MACHINES LIMITED,H
ZEEMEDIA,EQ,ZEE MEDIA CORPORATION LTD,H
ZENITHEXPO,BE,ZENITH EXPORTS LTD,H
A2ZINFRA,BE,A2Z INFRA ENGINEERING LTD,L
AARVEEDEN,BE,AARVEE DEN. & EXP. LTD,L
ADANIGREEN,BE,ADANI GREEN ENERGY LTD,L
ADANIPOWER,BE,ADANI POWER LTD,L
ADANITRANS,BE,ADANI TRANSMISSION LTD,L
AILIMITED,ST,ABHISHEK INTEGRATIONS LTD,L
AIRAN,BE,AIRAN LIMITED,L
ALPA,BE,ALPA LABORATORIES LTD,L
ALPSINDUS,BE,ALPS INDUSTRIES LTD.,L
ANDHRACEMT,BE,ANDHRA CEMENTS LIMITED,L
ANKITMETAL,BE,ANKIT MET & POW LTD,L
ARIHANT,BE,ARIHANT FOUN & HOU LTD,L
ARROWGREEN,BE,ARROW GREENTECH LIMITED,L
ARVEE,BE,ARVEE LABORATORIES I LTD,L
ATGL,BE,ADANI TOTAL GAS LIMITED,L
BAGFILMS,BE,B.A.G FILMS AND MEDIA LTD,L
BALLARPUR,BZ,BALLARPUR INDUSTRIES LTD,L
BARTRONICS,BZ,BARTRONICS INDIA LIMITED,L
BEARDSELL,BE,BEARDSELL LIMITED,L
BHARATWIRE,EQ,BHARAT WIRE ROPES LTD.,L
BRIGHT,SM,BRIGHT SOLAR LIMITED,L
BROOKS,EQ,BROOKS LAB LIMITED,L
BVCL,BE,BARAK VALLEY CEM. LTD.,L
BYKE,BE,THE BYKE HOSPITALITY LTD,L
CALSOFT,BE,CALIFORNIA SOFTWARE CO LT,L
CANDC,BZ,C&C CONST. LTD,L
CCCL,BE,CONS. CONST. CONSORT LTD,L
CCHHL,BE,COUNTRY CLUB HOSP HOL LTD,L
CELEBRITY,EQ,CELEBRITY FASHIONS LTD,L
CLEDUCATE,EQ,CL EDUCATE LIMITED,L
CMMIPL,SM,CMM INFRAPROJECTS LIMITED,L
COMPUSOFT,BE,COMPUCOM SOFTWARE LTD,L
CORDSCABLE,EQ,CORDS CABLE INDUS LTD.,L
COUNCODOS,BE,COUNTRY CONDO'S LIMITED,L
COX&KINGS,BZ,COX & KINGS LIMITED,L
DCMNVL,EQ,DCM NOUVELLE LIMITED,L
DHANIPP,E1,DHANI RS.1.10 PPD UP,L
DIAPOWER,BZ,DIAMOND POWER INFRA LTD,L
DNAMEDIA,EQ,DILIGENT MEDIA CORP LTD.,L
DUCON,BE,DUCON INFRATECHNOLOGIES L,L
EASTSILK,BE,EASTERN SILK INDUSTRIES L,L
EDUCOMP,BZ,EDUCOMP SOLUTIONS LTD,L
EKC,BE,EVEREST KANTO CYLINDERLTD,L
EMCO,BZ,EMCO LIMITED,L
ENERGYDEV,EQ,ENERGY DEVE. CO.LTD,L
EXCEL,BE,EXCEL REALTY N INFRA LTD,L
FCSSOFT,BE,FCS SOFTWARE SOLN. LTD.,L
FILDF2GPD,MF,FRANTEMAMC - FILDF2GPD,L
GAL,BE,GYSCOAL ALLOYS LTD,L
GAMMNINFRA,EQ,GAMMON INFRA PROJ LTD.,L
GAYAHWS,BE,GAYATRI HIGHWAYS LIMITED,L
GODHA,BE,GODHA CABCON INSULAT LTD,L
GOENKA,BZ,GOENKA DIAMOND&JEWELS LTD,L
GOLDENTOBC,EQ,GOLDEN TOBACCO LIMITED,L
HCL-INSYS,EQ,HCL INFOSYSTEMS LTD,L
HOVS,EQ,HOV SERVICES LTD,L
INDLMETER,EQ,IMP POWERS LTD,L
INDOSOLAR,BZ,INDOSOLAR LIMITED,L
INNOVANA,SM,INNOVANA THINKLABS LTD.,L
IVC,BE,IL&FS INVESTMENT MANAGERS,L
JAIBALAJI,EQ,JAI BALAJI INDUSTRIES LTD,L
JETAIRWAYS,BZ,JET AIRWAYS (INDIA) LTD.,L
JMTAUTOLTD,EQ,JMT AUTO LIMITED,L
JPASSOCIAT,BE,JAIPRAKASH ASSOCIATES LTD,L
JPINFRATEC,BE,JAYPEE INFRATECH LTD,L
JPPOWER,EQ,JAIPRAKASH POWER VEN. LTD,L
KANANIIND,BE,KANANI INDUSTRIES LTD,L
KRIDHANINF,BE,KRIDHAN INFRA LIMITED,L
LAGNAM,SM,LAGNAM SPINTEX LIMITED,L
LAKPRE,BZ,LAKSHMI PRE SCRE LTD,L
LCCINFOTEC,BE,LCC INFOTECH LTD,L
LGBFORGE,BE,LGB FORGE LIMITED,L
LOTUSEYE,BE,LOTUS EYE HOSP & INST L,L
LSIL,BE,LLOYDS STEELS IND. LTD.,L
MAGNUM,BE,MAGNUM VENTURES LTD.,L
MANALIPETC,BE,MANALI PETROCHEMICALS LT,L
MCLEODRUSS,BE,MCLEOD RUSSEL INDIA LTD.,L
MDL,SM,MARVEL DECOR LIMITED,L
MERCATOR,BE,MERCATOR LIMITED,L
MHHL,SM,MOHINI HEALTH&HYGIENE LTD,L
MPTODAY,SM,M P TODAY MEDIA LIMITED,L
NAGREEKEXP,EQ,NAGREEKA EXPORTS LTD.,L
NEXTMEDIA,EQ,NEXT MEDIAWORKS LIMITED,L
NIBL,BE,NRB INDUS. BEARINGS LTD.,L
NILASPACES,BE,NILA SPACES LIMITED,L
NKIND,BE,NKINDUSTRIES LTD,L
OPTIEMUS,BE,OPTIEMUS INFRACOM LTD,L
OPTOCIRCUI,BE,OPTO CIRCUITS (I) LTD,L
ORCHPHARMA,EQ,ORCHID PHARMA LIMITED,L
PAEL,BZ,PAE LIMITED,L
PARSVNATH,EQ,PARSVNATH DEVELOPER LTD,L
PATSPINLTD,BE,PATSPIN INDIALTD.,L
PBAINFRA,EQ,PBA INFRASTRUCTURE LTD.,L
PERFECT,SM,PERFECT INFRAENGINEER LTD,L
PROLIFE,SM,PROLIFE INDUSTRIES LTD,L
PUNJLLOYD,BZ,PUNJ LLOYD LIMITED,L
RAJRAYON,BZ,RAJ RAYON INDUSTRIES LTD,L
RCOM,EQ,RELIANCE COMMUNICATIONS L,L
RELCAPITAL,EQ,RELIANCE CAPITAL LTD,L
RELINFRA,BE,RELIANCE INFRASTRUCTU LTD,L
RHFL,BE,RELIANCE HOME FINANCE LTD,L
RMDRIP,SM,R M DRIP & SPRINK SYS LTD,L
RNAVAL,BZ,RELIANCE NAVAL & ENGG LTD,L
ROLLT,EQ,ROLLATAINERS LIMITED,L
ROML,EQ,RAJ OIL MILLS LIMITED,L
RPOWER,BE,RELIANCE POWER LTD.,L
SALSTEEL,BE,S.A.L. STEEL LTD.,L
SANWARIA,BZ,SANWARIA CONSUMER LIMITED,L
SAREGAMA,BE,SAREGAMA INDIA LIMITED,L
SECURCRED,SM,SECUR CREDENTIALS LIMITED,L
SICAL,EQ,SICAL LOGISTICS LIMITED,L
SIMPLEXINF,EQ,SIMPLEX INFRASTRUCTURES L,L
SINTEX,BE,SINTEX INDUSTRIES LTD,L
SITINET,BE,SITI NETWORKS LIMITED,L
SKIL,BE,SKIL INFRASTRUCTURE LTD.,L
SKSTEXTILE,SM,S K S TEXTILES LIMITED,L
SOLEX,SM,SOLEX ENERGY LIMITED,L
SOMATEX,BE,SOMA TEXTILEI NDUSTRIES L,L
SPENTEX,BZ,SPENTEX IND. LTD,L
SPMLINFRA,BE,SPML INFRA LIMITED,L
SPTL,BE,SINTEX PLASTICS TECH LTD,L
SREIBNPNCD,Y2,SEC RED NCD 9.50% SR. VII,L
SREIBNPNCD,Y8,SEC RED NCD 9.00% SR. VII,L
SREIBNPNCD,NZ,SEC RED NCD SR. VII,L
SREIBNPNCD,NY,SEC RED NCD 10.00% SR. VI,L
SREIBNPNCD,NT,UNS RED NCD SR. VI,L
SREINFRA,EQ,SREI INFRASTRUCTURE FINAN,L
SUNDARAM,BE,SUNDARAM MULTI PAP LTD,L
TARAPUR,BE,TARAPUR TRANSFORMERS LTD,L
TECHIN,BE,TECHINDIA NIRMAN LIMITED,L
TGBHOTELS,BE,TGB BANQUETS&HOTELS LTD,L
TMRVL,BE,THE MANDHANA RET VENT LTD,L
TRF,BE,TRF LIMITED,L
TVVISION,BE,TV VISION LIMITED,L
UGARSUGAR,EQ,THE UGAR SUGAR WORKS LTD,L
UMESLTD,BE,USHA MARTIN EDU & SOL LTD,L
UNITECH,BZ,UNITECH LIMITED,L
URJAPP,X1,URJA RS.0.25 PPD UP,L
UTTAMSTL,EQ,UTTAM GALVA STEELS LTD,L
VENUSREM,EQ,VENUS REMEDIES LIMITED,L
VICEROY,BZ,VICEROY HOTELS LIMITED,L
VIJIFIN,BE,VIJI FINANCE LIMITED,L
VIKASECO,BE,VIKAS ECOTECH LIMITED,L
VIKASLIFE,EQ,VIKAS LIFECARE LIMITED,L
VINEETLAB,EQ,VINEET LABORATORIES LTD,L
VIPCLOTHNG,EQ,VIP CLOTHING LIMITED,L
VISASTEEL,BE,VISA STEEL LIMITED,L
VIVIDHA,BE,VISAGAR POLYTEX LTD,L
VIVIMEDLAB,BE,VIVIMED LABS LIMITED,L
WANBURY,BE,WANBURY LIMITED,L
WEWIN,SM,WE WIN LIMITED,L
WSI,BE,W.S.INDUSTRIES (I) LTD.,L
XPROINDIA,BE,XPRO INDIA LIMITED,L
